{"cameraMode":{"drawMode":0,"name":"Shaded","section":"Shading Mode"},"sceneLighting":false,"audioPlay":false,"sceneViewState":{"showFog":true,"showMaterialUpdate":false,"showSkybox":false,"showFlares":true,"showImageEffects":true,"showParticleSystems":true},"in2DMode":false,"pivot":{"x":0.0009080320596694946,"y":1.2661702632904053,"z":2.4639339447021486},"rotation":{"x":-0.17663784325122834,"y":0.6676915884017944,"z":-0.16764530539512635,"w":-0.703488826751709},"size":1.0887434482574463,"orthographic":false}